﻿Database Name,DICE Result,File Size,Log File Location
SYSTEMDB,Database has no structural errors.,0 MB,SYSTEMDB.log
COMMDB,Database has no structural errors.,0 MB,COMMDB.log
MISCDB,Database has no structural errors.,0 MB,MISCDB.log
GLOBALDB,Database has no structural errors.,0 MB,GLOBALDB.log
DB ACAWOR/ADETES,Database has no structural errors.,0.03 MB,ACAWOR_ADETES.log
DB ADEWOR/ADEBUD-BU,Database has no structural errors.,0.04 MB,ADEWOR_ADEBUD-BU.log
DB BDEWOR/BDEBUD-BU,Database has no structural errors.,0.04 MB,BDEWOR_BDEBUD-BU.log
DB CASWOR/CLKBUD-BU,Database has no structural errors.,0.48 MB,CASWOR_CLKBUD-BU.log
DB CDEALL/CDEBUD-HM-BU,Database has no structural errors.,0.05 MB,CDEALL_CDEBUD-HM-BU.log
DB CDEGEN/CDESCRBUD-CHE,Database has no structural errors.,187.53 MB,CDEGEN_CDESCRBUD-CHE.log
DB CDEWOR/CDEBUD-BU,Database has no structural errors.,0.04 MB,CDEWOR_CDEBUD-BU.log
DB CDEWOR/LASBUD-BU-CHE,Database has no structural errors.,0.04 MB,CDEWOR_LASBUD-BU-CHE.log
DB CDTWOR/CDTBUD,Database has no structural errors.,0.04 MB,CDTWOR_CDTBUD.log
DB DDEWOR/DDEBUD-BU,Database has no structural errors.,0.04 MB,DDEWOR_DDEBUD-BU.log
DB ECAWOR/ECABUD,Database has no structural errors.,0.03 MB,ECAWOR_ECABUD.log
DB ECAWOR/EDETES,Database has no structural errors.,0.03 MB,ECAWOR_EDETES.log
DB EDEWOR/DESI-ECPFGAU,Database has no structural errors.,0.10 MB,EDEWOR_DESI-ECPFGAU.log
DB EDEWOR/DESI-ECPFOAU,Database has no structural errors.,0.10 MB,EDEWOR_DESI-ECPFOAU.log
DB EDEWOR/DESI-ECPFOBU,Database has no structural errors.,0.10 MB,EDEWOR_DESI-ECPFOBU.log
DB EDEWOR/DESI-ECPFP1U,Database has no structural errors.,0.10 MB,EDEWOR_DESI-ECPFP1U.log
DB EDEWOR/DESI-ECPFPAU,Database has no structural errors.,4.72 MB,EDEWOR_DESI-ECPFPAU.log
DB EDEWOR/DESI-ECPFRAU,Database has no structural errors.,5.04 MB,EDEWOR_DESI-ECPFRAU.log
DB EDEWOR/DESI-ECPFRBU,Database has no structural errors.,0.10 MB,EDEWOR_DESI-ECPFRBU.log
DB EDEWOR/DESI-ECPFRCU,Database has no structural errors.,0.10 MB,EDEWOR_DESI-ECPFRCU.log
DB EDEWOR/DESI-ECPFTAU,Database has no structural errors.,0.10 MB,EDEWOR_DESI-ECPFTAU.log
DB EDEWOR/DESI-ECPFTBU,Database has no structural errors.,0.10 MB,EDEWOR_DESI-ECPFTBU.log
DB EDEWOR/DESI-ECPFTCU,Database has no structural errors.,0.10 MB,EDEWOR_DESI-ECPFTCU.log
DB EDEWOR/DESI-ECPFTDU,Database has no structural errors.,0.10 MB,EDEWOR_DESI-ECPFTDU.log
DB EDEWOR/DESI-ECPFTEU,Database has no structural errors.,0.10 MB,EDEWOR_DESI-ECPFTEU.log
DB EDEWOR/DESI-ECPFUAU,Database has no structural errors.,0.10 MB,EDEWOR_DESI-ECPFUAU.log
DB EDEWOR/DESI-ECPFUBU,Database has no structural errors.,0.10 MB,EDEWOR_DESI-ECPFUBU.log
DB EDEWOR/DESI-ECPFUCU,Database has no structural errors.,0.10 MB,EDEWOR_DESI-ECPFUCU.log
DB EDEWOR/DESI-ECPFUDU,Database has no structural errors.,0.10 MB,EDEWOR_DESI-ECPFUDU.log
DB EDEWOR/DESI-ECSTOAU,Database has no structural errors.,0.17 MB,EDEWOR_DESI-ECSTOAU.log
DB EDEWOR/DESI-EMEFOAU,Database has no structural errors.,1.25 MB,EDEWOR_DESI-EMEFOAU.log
DB EDEWOR/EDEBUD-BU,Database has no structural errors.,0.04 MB,EDEWOR_EDEBUD-BU.log
DB GCAWOR/GCABUD,Database has no structural errors.,0.03 MB,GCAWOR_GCABUD.log
DB GCAWOR/GDETES,Database has no structural errors.,0.03 MB,GCAWOR_GDETES.log
DB GDEWOR/DESI-GCPFGAU,Database has no structural errors.,0.10 MB,GDEWOR_DESI-GCPFGAU.log
DB GDEWOR/DESI-GCPFOAU,Database has no structural errors.,0.10 MB,GDEWOR_DESI-GCPFOAU.log
DB GDEWOR/DESI-GCPFOBU,Database has no structural errors.,0.10 MB,GDEWOR_DESI-GCPFOBU.log
DB GDEWOR/DESI-GCPFP1U,Database has no structural errors.,0.10 MB,GDEWOR_DESI-GCPFP1U.log
DB GDEWOR/DESI-GCPFPAU,Database has no structural errors.,0.10 MB,GDEWOR_DESI-GCPFPAU.log
DB GDEWOR/DESI-GCPFRAU,Database has no structural errors.,0.13 MB,GDEWOR_DESI-GCPFRAU.log
DB GDEWOR/DESI-GCPFRBU,Database has no structural errors.,0.10 MB,GDEWOR_DESI-GCPFRBU.log
DB GDEWOR/DESI-GCPFRCU,Database has no structural errors.,0.10 MB,GDEWOR_DESI-GCPFRCU.log
DB GDEWOR/DESI-GCPFTAU,Database has no structural errors.,0.10 MB,GDEWOR_DESI-GCPFTAU.log
DB GDEWOR/DESI-GCPFTBU,Database has no structural errors.,0.10 MB,GDEWOR_DESI-GCPFTBU.log
DB GDEWOR/DESI-GCPFTCU,Database has no structural errors.,0.10 MB,GDEWOR_DESI-GCPFTCU.log
DB GDEWOR/DESI-GCPFTDU,Database has no structural errors.,0.10 MB,GDEWOR_DESI-GCPFTDU.log
DB GDEWOR/DESI-GCPFTEU,Database has no structural errors.,0.10 MB,GDEWOR_DESI-GCPFTEU.log
DB GDEWOR/DESI-GCPFUAU,Database has no structural errors.,0.10 MB,GDEWOR_DESI-GCPFUAU.log
DB GDEWOR/DESI-GCPFUBU,Database has no structural errors.,0.10 MB,GDEWOR_DESI-GCPFUBU.log
DB GDEWOR/DESI-GCPFUCU,Database has no structural errors.,0.10 MB,GDEWOR_DESI-GCPFUCU.log
DB GDEWOR/DESI-GCPFUDU,Database has no structural errors.,0.10 MB,GDEWOR_DESI-GCPFUDU.log
DB GDEWOR/DESI-GCSTOAU,Database has no structural errors.,0.09 MB,GDEWOR_DESI-GCSTOAU.log
DB GDEWOR/DESI-GMEFOAU,Database has no structural errors.,0.10 MB,GDEWOR_DESI-GMEFOAU.log
DB GDEWOR/GDEBUD-BU,Database has no structural errors.,0.04 MB,GDEWOR_GDEBUD-BU.log
DB HCAWOR/HDETES,Database has no structural errors.,0.03 MB,HCAWOR_HDETES.log
DB HDEWOR/HDEBUD-BU,Database has no structural errors.,0.04 MB,HDEWOR_HDEBUD-BU.log
DB ICAWOR/ICABUD,Database has no structural errors.,0.03 MB,ICAWOR_ICABUD.log
DB ICAWOR/IDETES,Database has no structural errors.,0.03 MB,ICAWOR_IDETES.log
DB JCAWOR/JCABUD,Database has no structural errors.,0.03 MB,JCAWOR_JCABUD.log
DB JCAWOR/JPRBUD,Database has no structural errors.,0.03 MB,JCAWOR_JPRBUD.log
DB JDEWOR/DESI-JCPFPAU,Database has no structural errors.,2.71 MB,JDEWOR_DESI-JCPFPAU.log
DB JDEWOR/DESI-JCPFRAU,Database has no structural errors.,2.13 MB,JDEWOR_DESI-JCPFRAU.log
DB JDEWOR/DESI-JCSTPAU,Database has no structural errors.,0.18 MB,JDEWOR_DESI-JCSTPAU.log
DB JDEWOR/DESI-JCSTRAU,Database has no structural errors.,0.05 MB,JDEWOR_DESI-JCSTRAU.log
DB JDEWOR/DESI-JMEFPAU,Database has no structural errors.,0.05 MB,JDEWOR_DESI-JMEFPAU.log
DB JDEWOR/DESI-JMEFRAU,Database has no structural errors.,0.05 MB,JDEWOR_DESI-JMEFRAU.log
DB JDEWOR/JDEBUD-BU,Database has no structural errors.,0.04 MB,JDEWOR_JDEBUD-BU.log
DB LDEWOR/LDEBUD-BU,Database has no structural errors.,0.04 MB,LDEWOR_LDEBUD-BU.log
DB MDEWOR/DESI-MCPFOAA,Database has no structural errors.,151.85 MB,MDEWOR_DESI-MCPFOAA.log
DB MDEWOR/DESI-MCPFOBA,Database has no structural errors.,0.46 MB,MDEWOR_DESI-MCPFOBA.log
DB MDEWOR/DESI-MCPFP1A,Database has no structural errors.,133.89 MB,MDEWOR_DESI-MCPFP1A.log
DB MDEWOR/DESI-MCPFPAA,Database has no structural errors.,71.44 MB,MDEWOR_DESI-MCPFPAA.log
DB MDEWOR/DESI-MCPFPAF,Database has no structural errors.,1.01 MB,MDEWOR_DESI-MCPFPAF.log
DB MDEWOR/DESI-MCPFRAA,Database has no structural errors.,0.32 MB,MDEWOR_DESI-MCPFRAA.log
DB MDEWOR/DESI-MCPFRBA,Database has no structural errors.,0.46 MB,MDEWOR_DESI-MCPFRBA.log
DB MDEWOR/DESI-MCPFRCA,Database has no structural errors.,1.63 MB,MDEWOR_DESI-MCPFRCA.log
DB MDEWOR/DESI-MCPFTAA,Database has no structural errors.,0.46 MB,MDEWOR_DESI-MCPFTAA.log
DB MDEWOR/DESI-MCPFUAA,Database has no structural errors.,1.26 MB,MDEWOR_DESI-MCPFUAA.log
DB MDEWOR/DESI-MCPFUAF,Database has no structural errors.,0.29 MB,MDEWOR_DESI-MCPFUAF.log
DB MDEWOR/DESI-MCPFUBA,Database has no structural errors.,7.83 MB,MDEWOR_DESI-MCPFUBA.log
DB MDEWOR/DESI-MCPFUBF,Database has no structural errors.,0.33 MB,MDEWOR_DESI-MCPFUBF.log
DB MDEWOR/DESI-MCPFUCA,Database has no structural errors.,8.92 MB,MDEWOR_DESI-MCPFUCA.log
DB MDEWOR/DESI-MCPFUCF,Database has no structural errors.,0.44 MB,MDEWOR_DESI-MCPFUCF.log
DB MDEWOR/DESI-MCPFUDA,Database has no structural errors.,3.17 MB,MDEWOR_DESI-MCPFUDA.log
DB MDEWOR/DESI-MCPFUDF,Database has no structural errors.,0.35 MB,MDEWOR_DESI-MCPFUDF.log
DB MDEWOR/DESI-MCSTPAA,Database has no structural errors.,25.50 MB,MDEWOR_DESI-MCSTPAA.log
DB MDEWOR/DESI-MCSTUAA,Database has no structural errors.,0.45 MB,MDEWOR_DESI-MCSTUAA.log
DB MDEWOR/DESI-MCSTUCU,Database has no structural errors.,0.18 MB,MDEWOR_DESI-MCSTUCU.log
DB MDEWOR/DESI-MMEFOAA,Database has no structural errors.,59.46 MB,MDEWOR_DESI-MMEFOAA.log
DB MDEWOR/DESI-MMEFUAA,Database has no structural errors.,0.44 MB,MDEWOR_DESI-MMEFUAA.log
DB MDEWOR/MDEBUD-BU,Database has no structural errors.,0.04 MB,MDEWOR_MDEBUD-BU.log
DB PCAWOR/PCABUD,Database has no structural errors.,102.46 MB,PCAWOR_PCABUD.log
DB PCAWOR/PDETES,Database has no structural errors.,0.03 MB,PCAWOR_PDETES.log
DB PDESTR/PDESTRBUD-BU-CHE,Database has no structural errors.,0.03 MB,PDESTR_PDESTRBUD-BU-CHE.log
DB PDEWOR/DESI-PCPFOAA,Database has no structural errors.,22.68 MB,PDEWOR_DESI-PCPFOAA.log
DB PDEWOR/DESI-PCPFOBA,Database has no structural errors.,0.46 MB,PDEWOR_DESI-PCPFOBA.log
DB PDEWOR/DESI-PCPFP1A,Database has no structural errors.,40.11 MB,PDEWOR_DESI-PCPFP1A.log
DB PDEWOR/DESI-PCPFPAA,Database has no structural errors.,1.39 MB,PDEWOR_DESI-PCPFPAA.log
DB PDEWOR/DESI-PCPFPAF,Database has no structural errors.,0.31 MB,PDEWOR_DESI-PCPFPAF.log
DB PDEWOR/DESI-PCPFRAA,Database has no structural errors.,100.59 MB,PDEWOR_DESI-PCPFRAA.log
DB PDEWOR/DESI-PCPFRBA,Database has no structural errors.,0.52 MB,PDEWOR_DESI-PCPFRBA.log
DB PDEWOR/DESI-PCPFRCA,Database has no structural errors.,15.15 MB,PDEWOR_DESI-PCPFRCA.log
DB PDEWOR/DESI-PCPFTAA,Database has no structural errors.,0.46 MB,PDEWOR_DESI-PCPFTAA.log
DB PDEWOR/DESI-PCPFTBA,Database has no structural errors.,1.85 MB,PDEWOR_DESI-PCPFTBA.log
DB PDEWOR/DESI-PCPFUAA,Database has no structural errors.,0.59 MB,PDEWOR_DESI-PCPFUAA.log
DB PDEWOR/DESI-PCPFUBA,Database has no structural errors.,12.52 MB,PDEWOR_DESI-PCPFUBA.log
DB PDEWOR/DESI-PCPFUCA,Database has no structural errors.,0.46 MB,PDEWOR_DESI-PCPFUCA.log
DB PDEWOR/DESI-PCPFUDA,Database has no structural errors.,0.46 MB,PDEWOR_DESI-PCPFUDA.log
DB PDEWOR/DESI-PCSTGAA,Database has no structural errors.,0.37 MB,PDEWOR_DESI-PCSTGAA.log
DB PDEWOR/DESI-PCSTOAA,Database has no structural errors.,0.37 MB,PDEWOR_DESI-PCSTOAA.log
DB PDEWOR/DESI-PCSTOBA,Database has no structural errors.,0.37 MB,PDEWOR_DESI-PCSTOBA.log
DB PDEWOR/DESI-PCSTP1A,Database has no structural errors.,0.37 MB,PDEWOR_DESI-PCSTP1A.log
DB PDEWOR/DESI-PCSTPAA,Database has no structural errors.,13.79 MB,PDEWOR_DESI-PCSTPAA.log
DB PDEWOR/DESI-PCSTRAA,Database has no structural errors.,3.49 MB,PDEWOR_DESI-PCSTRAA.log
DB PDEWOR/DESI-PCSTRBA,Database has no structural errors.,0.37 MB,PDEWOR_DESI-PCSTRBA.log
DB PDEWOR/DESI-PCSTRCA,Database has no structural errors.,0.37 MB,PDEWOR_DESI-PCSTRCA.log
DB PDEWOR/DESI-PCSTTAA,Database has no structural errors.,2.91 MB,PDEWOR_DESI-PCSTTAA.log
DB PDEWOR/DESI-PCSTTBA,Database has no structural errors.,0.37 MB,PDEWOR_DESI-PCSTTBA.log
DB PDEWOR/DESI-PCSTTCA,Database has no structural errors.,0.37 MB,PDEWOR_DESI-PCSTTCA.log
DB PDEWOR/DESI-PCSTTDA,Database has no structural errors.,0.37 MB,PDEWOR_DESI-PCSTTDA.log
DB PDEWOR/DESI-PCSTTEA,Database has no structural errors.,0.37 MB,PDEWOR_DESI-PCSTTEA.log
DB PDEWOR/DESI-PCSTUAA,Database has no structural errors.,0.37 MB,PDEWOR_DESI-PCSTUAA.log
DB PDEWOR/DESI-PCSTUBA,Database has no structural errors.,0.37 MB,PDEWOR_DESI-PCSTUBA.log
DB PDEWOR/DESI-PCSTUCA,Database has no structural errors.,0.37 MB,PDEWOR_DESI-PCSTUCA.log
DB PDEWOR/DESI-PCSTUDA,Database has no structural errors.,0.37 MB,PDEWOR_DESI-PCSTUDA.log
DB PDEWOR/DESI-PMEFOAA,Database has no structural errors.,30.22 MB,PDEWOR_DESI-PMEFOAA.log
DB PDEWOR/DESI-STUDY_CPF,Database has no structural errors.,18.62 MB,PDEWOR_DESI-STUDY_CPF.log
DB PDEWOR/DESI-STUDY_CST,Database has no structural errors.,3.73 MB,PDEWOR_DESI-STUDY_CST.log
DB PDEWOR/DESI-STUDY_MEF,Database has no structural errors.,299.28 MB,PDEWOR_DESI-STUDY_MEF.log
DB PDEWOR/PDEBUD-BU,Database has no structural errors.,0.04 MB,PDEWOR_PDEBUD-BU.log
DB RDEWOR/DESI-RCPFOAA,Database has no structural errors.,0.34 MB,RDEWOR_DESI-RCPFOAA.log
DB RDEWOR/DESI-RCPFOBA,Database has no structural errors.,0.18 MB,RDEWOR_DESI-RCPFOBA.log
DB RDEWOR/DESI-RCPFP1A,Database has no structural errors.,5.73 MB,RDEWOR_DESI-RCPFP1A.log
DB RDEWOR/DESI-RCPFRAA,Database has no structural errors.,2.65 MB,RDEWOR_DESI-RCPFRAA.log
DB RDEWOR/DESI-RCPFRBA,Database has no structural errors.,0.30 MB,RDEWOR_DESI-RCPFRBA.log
DB RDEWOR/DESI-RCPFRCA,Database has no structural errors.,0.46 MB,RDEWOR_DESI-RCPFRCA.log
DB RDEWOR/DESI-RCPFTAA,Database has no structural errors.,0.46 MB,RDEWOR_DESI-RCPFTAA.log
DB RDEWOR/DESI-RCPFUAA,Database has no structural errors.,0.50 MB,RDEWOR_DESI-RCPFUAA.log
DB RDEWOR/DESI-RCPFUBA,Database has no structural errors.,0.35 MB,RDEWOR_DESI-RCPFUBA.log
DB RDEWOR/DESI-RCPFUCA,Database has no structural errors.,0.73 MB,RDEWOR_DESI-RCPFUCA.log
DB RDEWOR/DESI-RCPFUDA,Database has no structural errors.,0.23 MB,RDEWOR_DESI-RCPFUDA.log
DB RDEWOR/DESI-RCSTPAA,Database has no structural errors.,0.51 MB,RDEWOR_DESI-RCSTPAA.log
DB RDEWOR/DESI-RCSTUAA,Database has no structural errors.,0.22 MB,RDEWOR_DESI-RCSTUAA.log
DB RDEWOR/DESI-RMEFOAA,Database has no structural errors.,0.22 MB,RDEWOR_DESI-RMEFOAA.log
DB RDEWOR/DESI-RMEFUAA,Database has no structural errors.,0.43 MB,RDEWOR_DESI-RMEFUAA.log
DB RDEWOR/RDEBUD-BU,Database has no structural errors.,0.04 MB,RDEWOR_RDEBUD-BU.log
DB SCAWOR/SCABUD,Database has no structural errors.,0.03 MB,SCAWOR_SCABUD.log
DB SCAWOR/SDETES,Database has no structural errors.,0.03 MB,SCAWOR_SDETES.log
DB SDEWOR/DESI-SCPFOAA,Database has no structural errors.,10.70 MB,SDEWOR_DESI-SCPFOAA.log
DB SDEWOR/DESI-SCPFOBA,Database has no structural errors.,2.22 MB,SDEWOR_DESI-SCPFOBA.log
DB SDEWOR/DESI-SCPFP1A,Database has no structural errors.,8.18 MB,SDEWOR_DESI-SCPFP1A.log
DB SDEWOR/DESI-SCPFPAA,Database has no structural errors.,40.71 MB,SDEWOR_DESI-SCPFPAA.log
DB SDEWOR/DESI-SCPFPAF,Database has no structural errors.,0.36 MB,SDEWOR_DESI-SCPFPAF.log
DB SDEWOR/DESI-SCPFRAA,Database has no structural errors.,95.08 MB,SDEWOR_DESI-SCPFRAA.log
DB SDEWOR/DESI-SCPFRBA,Database has no structural errors.,9.19 MB,SDEWOR_DESI-SCPFRBA.log
DB SDEWOR/DESI-SCPFRCA,Database has no structural errors.,1.64 MB,SDEWOR_DESI-SCPFRCA.log
DB SDEWOR/DESI-SCPFTAA,Database has no structural errors.,0.43 MB,SDEWOR_DESI-SCPFTAA.log
DB SDEWOR/DESI-SCPFUAA,Database has no structural errors.,0.20 MB,SDEWOR_DESI-SCPFUAA.log
DB SDEWOR/DESI-SCPFUBA,Database has no structural errors.,1.63 MB,SDEWOR_DESI-SCPFUBA.log
DB SDEWOR/DESI-SCPFUCA,Database has no structural errors.,0.54 MB,SDEWOR_DESI-SCPFUCA.log
DB SDEWOR/DESI-SCPFUDA,Database has no structural errors.,0.75 MB,SDEWOR_DESI-SCPFUDA.log
DB SDEWOR/DESI-SCSTPAA,Database has no structural errors.,0.15 MB,SDEWOR_DESI-SCSTPAA.log
DB SDEWOR/DESI-SCSTRAA,Database has no structural errors.,9.36 MB,SDEWOR_DESI-SCSTRAA.log
DB SDEWOR/DESI-SCSTUAA,Database has no structural errors.,2.86 MB,SDEWOR_DESI-SCSTUAA.log
DB SDEWOR/DESI-SMEFOAA,Database has no structural errors.,35.48 MB,SDEWOR_DESI-SMEFOAA.log
DB SDEWOR/DESI-SMEFUAA,Database has no structural errors.,0.44 MB,SDEWOR_DESI-SMEFUAA.log
DB SDEWOR/SDEBUD-BU,Database has no structural errors.,0.04 MB,SDEWOR_SDEBUD-BU.log
DB TDEWOR/TDEBUD-BU,Database has no structural errors.,0.04 MB,TDEWOR_TDEBUD-BU.log
DB UDEWOR/DESI-UCPFGAA,Database has no structural errors.,114.01 MB,UDEWOR_DESI-UCPFGAA.log
DB UDEWOR/DESI-UCPFOAA,Database has no structural errors.,2.15 MB,UDEWOR_DESI-UCPFOAA.log
DB UDEWOR/DESI-UCPFOBA,Database has no structural errors.,0.16 MB,UDEWOR_DESI-UCPFOBA.log
DB UDEWOR/DESI-UCPFP1A,Database has no structural errors.,3.97 MB,UDEWOR_DESI-UCPFP1A.log
DB UDEWOR/DESI-UCPFPAA,Database has no structural errors.,1.72 MB,UDEWOR_DESI-UCPFPAA.log
DB UDEWOR/DESI-UCPFPAF,Database has no structural errors.,0.37 MB,UDEWOR_DESI-UCPFPAF.log
DB UDEWOR/DESI-UCPFRAA,Database has no structural errors.,1.70 MB,UDEWOR_DESI-UCPFRAA.log
DB UDEWOR/DESI-UCPFRBA,Database has no structural errors.,0.43 MB,UDEWOR_DESI-UCPFRBA.log
DB UDEWOR/DESI-UCPFRCA,Database has no structural errors.,0.43 MB,UDEWOR_DESI-UCPFRCA.log
DB UDEWOR/DESI-UCPFTAA,Database has no structural errors.,0.46 MB,UDEWOR_DESI-UCPFTAA.log
DB UDEWOR/DESI-UCPFTBA,Database has no structural errors.,0.44 MB,UDEWOR_DESI-UCPFTBA.log
DB UDEWOR/DESI-UCPFTCA,Database has no structural errors.,0.44 MB,UDEWOR_DESI-UCPFTCA.log
DB UDEWOR/DESI-UCPFTDA,Database has no structural errors.,0.44 MB,UDEWOR_DESI-UCPFTDA.log
DB UDEWOR/DESI-UCPFTEA,Database has no structural errors.,0.44 MB,UDEWOR_DESI-UCPFTEA.log
DB UDEWOR/DESI-UCPFUAA,Database has no structural errors.,0.22 MB,UDEWOR_DESI-UCPFUAA.log
DB UDEWOR/DESI-UCPFUBA,Database has no structural errors.,0.41 MB,UDEWOR_DESI-UCPFUBA.log
DB UDEWOR/DESI-UCPFUCA,Database has no structural errors.,0.57 MB,UDEWOR_DESI-UCPFUCA.log
DB UDEWOR/DESI-UCPFUDA,Database has no structural errors.,0.93 MB,UDEWOR_DESI-UCPFUDA.log
DB UDEWOR/DESI-UCSTGAA,Database has no structural errors.,73.92 MB,UDEWOR_DESI-UCSTGAA.log
DB UDEWOR/DESI-UCSTPAA,Database has no structural errors.,0.35 MB,UDEWOR_DESI-UCSTPAA.log
DB UDEWOR/DESI-UCSTTCA,Database has no structural errors.,0.48 MB,UDEWOR_DESI-UCSTTCA.log
DB UDEWOR/DESI-UCSTUAA,Database has no structural errors.,1.84 MB,UDEWOR_DESI-UCSTUAA.log
DB UDEWOR/DESI-UMEFOAA,Database has no structural errors.,3.42 MB,UDEWOR_DESI-UMEFOAA.log
DB UDEWOR/DESI-UMEFUAA,Database has no structural errors.,0.43 MB,UDEWOR_DESI-UMEFUAA.log
DB UDEWOR/UDEBUD-BU,Database has no structural errors.,0.04 MB,UDEWOR_UDEBUD-BU.log
DB XCAWOR/XCABUD,Database has no structural errors.,0.03 MB,XCAWOR_XCABUD.log
DB XCAWOR/XCAMDU-E3D,Database has no structural errors.,0.04 MB,XCAWOR_XCAMDU-E3D.log
DB XCAWOR/XDETES,Database has no structural errors.,0.03 MB,XCAWOR_XDETES.log
DB XDEWOR/XDEBUD-BU,Database has no structural errors.,0.04 MB,XDEWOR_XDEBUD-BU.log
DB XDTWOR/XDTBUD,Database has no structural errors.,0.04 MB,XDTWOR_XDTBUD.log
DB YDEWOR/YDEBUD-BU,Database has no structural errors.,0.04 MB,YDEWOR_YDEBUD-BU.log
